rnn,lstm,gru
9.91959421200617,12.494065495587826,10.551784123123406
