gaussienne,constante,xavier
0.9882352941176471,0.9294117647058824,0.9882352941176471
